id;dept_name;dept_loc;dept_contact;university
1;Virtual;transmitter Seychelles Rupee;AGP Tools New Hampshire;4th generation groupware
2;Expanded open-source capability;TCP blue Representative;web-readiness Hat e-markets;Awesome
3;generate solution-oriented Specialist;Avon maximize;Dominica;application
4;open-source Clothing;fuchsia Generic Granite Table;Concrete Brand;Toys Home distributed
5;Universal Executive;override South Dakota;infrastructures;engineer capacity
6;Oregon;Identity;schemas program;Grocery
7;azure;Direct multi-byte;New York Towels;Pants
8;asynchronous Orchestrator;Pennsylvania encryption payment;Handcrafted Steel Fish bus connect;Frozen online orchestrate
9;Jamaican Dollar Sausages program;Generic;overriding intuitive;Quality Lithuania empower
10;deposit;Electronics New Hampshire Innovative;navigate;Face to face Balboa US Dollar Estate
