id;fname;mname;lname;email;dob;dept;university
1;Bedfordshire indigo radical;GB whiteboard;PCI frame Configuration;Chelsea97@gmail.com;2020-06-24;program;bypassing Orchestrator
2;cross-platform connect Refined;Avon Shoes Bedfordshire;partnerships rich Iowa;Tressie_McGlynn@yahoo.com;2020-06-24;generate;South Dakota eco-centric even-keeled
3;algorithm Handmade;port Maine parsing;bypassing;Rosetta.Abernathy@hotmail.com;2020-06-23;Uganda Accounts;Electronics invoice
4;Soft;payment revolutionary Glens;wireless dedicated Sports;Myriam_Fay44@yahoo.com;2020-06-24;driver Chief Marketing;Concrete Investment Account
5;Key system generating;collaborative;Pizza Bedfordshire;Benton97@gmail.com;2020-06-24;deploy Interactions;Handmade Fiji Dollar
6;copying deposit;Legacy Garden Regional;Illinois Money Market Account circuit;Norma_Feil@hotmail.com;2020-06-24;cross-platform PCI;Intranet RAM Ukraine
7;navigating;Ferry Distributed Grass-roots;hack infomediaries Awesome;Brianne_Schmeler35@yahoo.com;2020-06-24;Lead;Ridges
8;stable;Checking Account Avon Kids;redundant transmitter;Sydni89@gmail.com;2020-06-24;Global 24/7 Road;Buckinghamshire
9;SQL;generating;integrate Personal Loan Account;Lillian_Altenwerth@yahoo.com;2020-06-24;National systems;dedicated
10;Manager Bulgaria;payment Engineer;Zambian Kwacha;Lyla.Volkman56@hotmail.com;2020-06-24;Gorgeous cross-media uniform;executive
